Business Name,Category,Phone,Address,City,State,ZIP Code,Owner / Contact,Email Address,Google Maps URL,Facebook URL,Instagram URL,Website Status
Mike's #1 Towing,Towing Service,(832) ***-0221,8724 Easthaven Blvd,Houston,TX,77075,Mike R.,N/A,https://maps.google.com/?cid=1089271638219472183,N/A,N/A,VERIFIED NO WEBSITE
Southwest Towing Company,Towing & Roadside Assistance,(832) ***-0404,10532 S Post Oak Rd,Houston,TX,77035,Dispatch M.,N/A,https://maps.google.com/?cid=2948172049182740192,https://facebook.com/SouthwestTowingHouston,N/A,VERIFIED NO WEBSITE
T.N.T. Auto Enterprises,Auto Repair & Wrecker,(713) ***-1009,14010 Quention Dr,Houston,TX,77045,Thomas N.,N/A,https://maps.google.com/?cid=4918273645192837461,N/A,N/A,VERIFIED NO WEBSITE
Expro Auto Towing,Towing Service,(281) ***-9774,940 Highway 6 South,Houston,TX,77079,Operations D.,N/A,https://maps.google.com/?cid=5829104728193847261,N/A,N/A,VERIFIED NO WEBSITE
U S A Auto Sales Paint & Body,Auto Body & Paint,(972) ***-4098,12113 Garland Rd,Dallas,TX,75218,Hector G.,N/A,https://maps.google.com/?cid=8392019482716354829,N/A,N/A,VERIFIED NO WEBSITE
Downtown Towing Co.,Towing & Impound,(305) ***-0989,2418 N Miami Ave,Miami,FL,33127,Front Desk / Dispatch,N/A,https://maps.google.com/?cid=1928374650192837465,N/A,N/A,VERIFIED NO WEBSITE
Tropic Landscaping and Lawn Maintenance,Lawn & Landscaping,(305) ***-7256,17973 SW 248th St,Homestead,FL,33031,Carlos M.,N/A,https://maps.google.com/?cid=8273645192837465019,N/A,N/A,VERIFIED NO WEBSITE
Haul-O-Way Towing Service,Towing Service,(305) ***-8280,2721 SW 69th Ct,Miami,FL,33155,Dispatch O.,N/A,https://maps.google.com/?cid=6718293049182736451,N/A,N/A,VERIFIED NO WEBSITE
Fim Complete Auto Repair,Auto Repair,(305) ***-9817,1180 NW 72nd St,Miami,FL,33150,Frank I.,N/A,https://maps.google.com/?cid=7482910384729103847,N/A,N/A,VERIFIED NO WEBSITE
Lackley's Auto & Tow,Auto Repair & Towing,(470) ***-2224,2266 Sylvan Rd,Atlanta,GA,30344,Marcus L.,N/A,https://maps.google.com/?cid=9182736450192837461,https://facebook.com/LackleysAuto,N/A,VERIFIED NO WEBSITE
Omar and Beyond Landscaping,Landscaping & Tree Service,(470) ***-4135,"1700 Northside Dr NW, Ste A7",Atlanta,GA,30318,Omar H.,N/A,https://maps.google.com/?cid=3847291048271635482,https://facebook.com/omarbeyondlandscaping,N/A,VERIFIED NO WEBSITE
Jacob Auto Collision,Auto Collision & Paint,(404) ***-5962,3645 Campbellton Rd SW,Atlanta,GA,30331,Jacob K.,N/A,https://maps.google.com/?cid=4928172635401928374,N/A,N/A,VERIFIED NO WEBSITE
Roseco Auto Rebuilders,Auto Body & Collision,(773) ***-4081,7410 S Stony Island Ave,Chicago,IL,60649,Manager Office,N/A,https://maps.google.com/?cid=8271635492817263540,N/A,N/A,VERIFIED NO WEBSITE
South Coast Towing,Towing Service,(323) ***-0808,3526 E Olympic Blvd,Los Angeles,CA,90023,Customer Service,N/A,https://maps.google.com/?cid=1928374659182736450,N/A,N/A,VERIFIED NO WEBSITE
Viertel's Central & Northeast Division,Towing & Police Impound,(213) ***-1003,2010 N Figueroa St,Los Angeles,CA,90065,Impound O.,N/A,https://maps.google.com/?cid=9283746501928374651,N/A,N/A,VERIFIED NO WEBSITE
Power Roofing and Carpentry Corporation,Roofing & Carpentry,(210) ***-1717,423 Gillette Blvd,San Antonio,TX,78221,Arturo P.,N/A,https://maps.google.com/?cid=6374829104827163548,N/A,N/A,VERIFIED NO WEBSITE
C & C Roofing and Restoration,Roofing Contractor,(210) ***-5671,10650 Culebra Rd #104-525,San Antonio,TX,78251,Chris C.,N/A,https://maps.google.com/?cid=7482910384729182736,N/A,N/A,VERIFIED NO WEBSITE
Black Bull Towing,Towing Service,(817) ***-2462,5801 Brentwood Stair Rd,Fort Worth,TX,76112,Dispatch,N/A,https://maps.google.com/?cid=5829104827163549281,N/A,N/A,VERIFIED NO WEBSITE
Apollo Towing LLC,Towing & Recovery,(817) ***-2064,700 S Burleson Blvd,Burleson,TX,76028,Service D.,N/A,https://maps.google.com/?cid=4918273645019283746,https://facebook.com/apollotowingdfw,N/A,VERIFIED NO WEBSITE
ABC Wrecker Service,Towing & Wrecker,(817) ***-2125,8101 Boulevard 26,North Richland Hills,TX,76180,Dispatch D.,N/A,https://maps.google.com/?cid=3847291048271625341,N/A,N/A,VERIFIED NO WEBSITE
